排名,搜索词,搜索增长幅度,搜索人气,点击率,点击人气,支付转化率,直通车参考价,日期：20170728,日期：20170729,日期：20170730,日期：20170731,日期：20170801,日期：20170802,日期：20170803
1,popo-boom,24.5455,1365,3.903,1345,0.0036,0,,,,,,,1345
2,牛仔短裤 夏 女,11.5,781,0.2588,243,0.0769,0.88,,,767,,147,,243
3,大码宽松哈伦牛仔裤女胖mm高腰学生长裤,10.6667,515,12.7143,205,0.0476,0,,,,,,,205
4,牛仔裤女夏2017新款 韩版秋季,8.1111,578,0.8498,358,0,0,,,,,,,358
5,破洞牛仔裤 女 夏,7.0909,613,0.2434,265,0,0.64,,,,,,,265
6,绒懿旗舰店,6.7143,425,1.0926,313,0,0,,,,,,,313
7,2017新款阔腿无弹牛仔裤,6.6154,662,2.2871,690,0,0,,,,,,,690
8,牛仔裤女夏2017新款 韩版 胖mm,5.1429,358,0.9327,189,0.0526,0,,,,,,,189
9,牛仔裤女春夏季2017新款 9分裤,4.7143,339,0.9747,265,0,0.42,228,,,,,,265
10,topshop绑带牛仔裤,4.2857,320,1.6373,306,0.0571,0,,,,,,,306
11,背带牛仔裤女九分裤宽松破洞阔腿夏季韩版时尚学生百搭女装潮包邮,4,339,3,339,0,0,,,,,,,339
12,九分牛仔裤 女 小脚裤,3.875,333,0.1382,147,0.1429,1.48,,,,,,,147
13,浪花一朵朵谭松韵同款牛仔短裤,3.6667,722,0.7824,547,0,0,,,,,250,,547
14,tttj72680q,3.625,320,1.219,197,0,0,,300,,,,,197
15,牛仔裤女夏2017新款 韩版弹力,3.5556,346,1.4306,250,0,0,,,,,,,250
16,薄款牛仔裤女夏,3.4,493,0.5925,250,0.037,0.91,,,,,,,250
17,潮短裤女,3.25,408,1.3059,272,0.0333,0.53,,265,,,,,272
18,流苏牛仔裤微喇叭九分裤女夏,3.1667,236,1.8272,172,0.1176,0,,,,,,,172
19,破洞裤女 韩版 潮学生黑色 牛仔,3.1429,265,1.029,147,0,0,,,,,,,147
20,eetj72506a,3.1429,265,0.3699,110,0.1,0,,,,,,,110
21,韩版破洞七分牛仔裤,3.0588,510,2.2754,493,0,0,,,,,,,493
22,凸傲旗舰店,2.8889,306,2.5,279,0.0968,0,,,,265,,,279
23,牛仔裤女 七分裤 宽松,2.8333,220,0.7273,155,0.0667,0.58,,,,,110,,155
24,牛仔裤批发5-10元包邮女,2.75,272,0.9185,189,0.0526,0,,,,,,,189
25,初恋裤女,2.7249,2845,0.3066,875,0,0,,,,,,365,875
26,绑带阔腿裤女 高腰 牛仔,2.7143,243,1.0678,119,0,0,,,,,,,119
27,软妹牛仔裤女宽松直筒,2.7,320,1.8837,138,0,0,,,,,,,138
28,tttj62651e,2.6667,213,1.2419,129,0.0833,0,,,,,,,129
29,班申牛仔短裤女夏高腰阔腿裙裤2017新款韩版宽松显瘦a字裙阔腿裤,2.6667,293,1.6178,265,0.2069,0,,,,,,,265
30,阔腿裤乞丐女牛仔 原宿 破洞,2.625,265,0.6423,155,0,0,,,,,,,155
31,tttj62631e,2.6,313,0.8611,189,0.0526,0,,80,,,,,189
32,2017夏装新款宽松牛仔短裤女学生韩版百搭a字热裤显瘦毛边阔腿裤,2.6,425,0.5323,258,0.0357,0,,,,,,,258
33,牛仔 裤 女长裤,2.5714,402,0.9697,313,0.0278,1.51,,,,,,,313
34,太牛派服饰,2.5714,236,4.4301,220,0.0435,0,,,,,,,220
35,sasa小姐 定制 2017夏重工水洗露口袋秒变大长腿牛仔短裤,2.5,205,0.8387,110,0.3,0,,,,,,,110
36,黑色毛边小脚牛仔裤女,2.5,205,1.2647,189,0.2105,0.34,,,,,,,189
37,烂牛仔裤女破洞 潮 宽松 韩版,2.5,205,0.6667,90,0.125,0,,,,,,,90
38,毛边牛仔裤休闲阔腿裤女,2.375,250,1.8276,220,0,0,,,,,,,220
39,女短裤夏季2017新款 韩版 百搭 高腰,2.3333,197,0.8514,100,0.1111,0,,,,,,,100
40,女裤子夏新款2017潮 韩版 学生 bf,2.3333,197,1.7581,119,0,0,,,,,,,119
41,膝盖破洞牛仔裤女宽松韩版高腰,2.2857,220,1.6897,129,0,0,,,,,,,129
42,香奈儿牛仔裤女,2.2222,265,0.3284,119,0,0,,,,,,,119
43,娜扎同款牛仔裤,2.1667,189,1.06,119,0,0,,,,,,,119
44,牛仔裤冬天女,2.1667,189,0.975,138,0,0.68,,,,,,,138
45,牛仔裤女9分裤,2.1667,189,1.3596,138,0,0.55,,,,,,,138
46,2017夏季新款九分阔腿牛仔裤女韩版宽松bf风百搭学生chic裤子潮秋,2.1667,326,1.1799,197,0.05,0,,,,,,,197
47,牛仔裤女七分夏,2.1667,189,0.8095,90,0,0.95,,,,,,,90
48,小码牛仔裤女 xs 24-25码高腰长裤,2.1667,189,0.8333,100,0,0,,,,,,,100
49,加绒牛仔裤女 宽松,2.1111,258,1.0087,164,0,0.54,,,,,,,164
50,背带裤女夏2017新款 韩版学生短,2.0909,300,0.6727,155,0.0667,0.19,,,,,,,155
51,2017秋季新款牛仔裤,2.0769,568,1,414,0,0.7,,,,,,,414
52,白色紧身短裤女,2,250,1.8832,220,0.0435,0,129,,,,,,220
53,牛仔裤女夏2017新款 韩版 显瘦新,2,205,0.3793,69,0,0,,,,,,,69
54,哈伦裤女牛仔夏,2,181,2.0656,119,0.0909,0.97,,,,,,,119
55,白色破洞背带裤,2,181,1.2981,129,0.1667,0.78,,,,,,,129
56,1100022-2033712-001,2,181,1.5789,129,0,0,,,,,265,,129
57,牛仔短裤女夏2017新款时尚 卷边,2,181,0.8393,119,0,0,,,,,,,119
58,夏牛仔短裤女2017新款,2,181,1.67,100,0.2222,0.69,,,,,,,100
59,牛仔裤简约女,2,205,1.5648,100,0,0.27,,,,,,,100
60,牛仔短裤女夏2017新款高腰韩版宽松显瘦学生破洞超短热裤,2,181,1.5213,100,0.5556,0,,,,,,,100
61,短裤女 牛仔裤 百搭 宽松 休闲,2,181,1.0172,110,0,0,,,,,,,110
62,tttj72631a,2,181,0.641,129,0,0,,,,,,,129
63,2017新款时尚毛边微喇九分裤,2,293,0.9848,286,0,0,,,,,,,286
64,绍姿女装旗舰店,2,181,4.7791,164,0.3125,0,,,,,,,164
65,女士背带短裤女2017新款 宽松,1.9091,286,0.8966,205,0,0,,,,,,,205
66,牛仔裤新款女2017 欧美时尚,1.9,265,0.3793,69,0,0,,,,,,,69
67,短裤女夏2017新款高腰牛仔绣花,1.875,220,2.0763,155,0,0,,,,,,,155
68,原宿风九分裤女bf 高腰宽松牛仔,1.875,220,1.4318,138,0,0,,,,,,,138
69,伊人秀牛仔短裤女2017新款,1.8571,197,1.7722,110,0.1,0,,,,,,,110
70,牛仔裤女 潮流 九分裤,1.8571,197,0.7912,129,0,0,,,,,,,129
71,牛仔短裤女夏宽松 阔腿 松紧腰,1.8571,197,1.5579,119,0,0,,,,,,,119
72,裤子女秋季2017新款 韩版 学生,1.8571,197,0.3404,80,0,0.76,,,,,,,80
73,高腰直筒九分裤,1.8571,197,1.5686,129,0.0833,0.62,,,,,,,129
74,新款欧美明星杨幂同款,1.8571,197,4.5,197,0,0,,,,,,,197
75,宽松牛仔裤女 九分裤 松紧腰,1.8333,172,1.2157,119,0.0909,0.6,,,110,,,,119
76,女士夏季短裤2017新款时尚高腰,1.8333,172,0.75,69,0,0,,,,,,,69
77,mind bridge 牛仔裤,1.8333,172,1.1111,138,0,0,,,,,,,138
78,女破洞裤子,1.8333,172,1.7571,119,0,0.54,,,,,,,119
79,海思堡牛仔,1.8333,172,0.2632,47,0,0,,,,,,,47
80,裤子女春季2017新款潮 韩版牛仔,1.8333,172,0.6739,110,0,0,,,,,,,110
81,小个子喇叭裤女夏150cm显高,1.8333,172,0.8495,110,0,0,,,,,,,110
82,背带短裤女夏2017新款 白色牛仔,1.8333,172,1.25,110,0.1,0.78,,164,,,,,110
83,牛仔短裤女夏2017新款 阔腿 高腰,1.8333,172,0.8036,100,0,0.37,,,,,,,100
84,l@bor短裤,1.8333,172,1.4918,100,0,0,,,,,,,100
85,牛仔裤女 哈伦裤 破洞,1.8333,172,0.9538,100,0,0.73,,,,,,,100
86,hd皇家牛仔裤,1.8333,172,1.9495,138,0,0,,,,,,,138
87,丽颖同款背带裤,1.8333,172,0.25,69,0,0,,,,,,,69
88,牛仔 短裤 胖mm,1.8182,279,1.4792,181,0.0556,0.84,,,,,,,181
89,铅笔裤女夏 长裤 高腰,1.8182,279,1.05,155,0,0,,,,,,,155
90,牛仔裤女春夏季2017新款微喇叭,1.8125,371,1.2019,181,0,0,,,,,,,181
91,黑色微喇叭牛仔裤女,1.8,437,1.183,396,0.2245,1.06,,,,,129,,396
92,中腰短裤女夏2017新款 修身显瘦,1.7778,236,1.0112,129,0.0833,0,,,,,,,129
93,春夏季新款宽松牛仔裤女九分裤阔腿裤高腰大码显瘦毛边直筒裤学生,1.7778,236,0.7462,197,0.15,0,,,,,,,197
94,chic牛仔裤女 显瘦,1.75,213,0.8036,119,0.0909,0,,,,,,,119
95,背带裤+女+夏,1.75,213,1.9065,164,0.0625,0,,,,,,,164
96,破洞微喇牛仔裤女,1.75,213,3.2185,164,0,0.5,,,,,,,164
97,牛仔长裤女紧身,1.75,213,1.3011,129,0,0.86,,,,,,,129
98,bf裤子 潮原宿风女 九分裤直筒,1.7273,272,1.0909,110,0,0,,,,,,,110
99,撞色牛仔短裤,1.7143,189,2.322,100,0,0.22,,,,,,,100
100,白色短裤紧身女,1.7143,189,1.344,181,0.1111,0,,,,,,,181
101,吊带长裤女夏2017新款 韩版学生,1.7143,189,1.45,138,0,0,,,,,,,138
102,mother 条纹 牛仔裤,1.7143,189,3.9577,189,0,0.9,,,,,,,189
103,牛仔短裤 宽松 女,1.7143,189,1.6772,155,0.0667,0.8,,,,,,,155
104,宽松阔腿裤女牛仔,1.7143,189,2.4109,138,0.0769,0.62,,,,,,,138
105,毛边破洞高腰刺绣七分牛仔裤,1.7143,189,0.5714,172,0,0,,,,,,,172
106,宽松牛仔裤九分裤,1.7143,189,2.4459,100,0,0.7,,,,80,,,100
107,依心缘牛仔裤,1.7143,189,1.6889,58,0,0,,,,,,,58
108,牛仔短裤 白色 女,1.7143,189,1.1333,164,0.3125,1,,,,,,,164
109,钉珠牛仔裤女2017新款 镶钻,1.7,250,1.5446,197,0,0,,,,,,,197
110,港风破洞裤女 ulzzang宽松,1.7,425,0.4178,197,0,0,,,,,,,197
111,牛仔高腰裤女夏,1.6667,164,1.7255,110,0,0.75,,,,,,,110
112,破洞白色短裤,1.6667,164,0.8509,119,0.0909,0.76,,,,,,,119
113,短裤女夏牛仔松紧腰,1.6667,164,1.2824,119,0,1.38,,,,,,,119
114,破洞牛仔裤女网袜,1.6667,164,1.2289,129,0.0833,0.41,,,,,,,129
115,套装超短裤女夏2017新款 学生,1.6667,164,0.9302,69,0,0,,,,,,,69
116,九分喇叭裤女牛仔,1.6667,164,1.6145,129,0.0833,0.91,,,110,,,,129
117,破铜牛仔裤女 宽松 韩版,1.6667,164,0.6857,90,0,0,,,,,,,90
118,代购夏膝盖破洞牛仔裤女,1.6667,164,0.8644,129,0.0833,0,,,,,,,129
119,牛仔裤女 加长,1.6667,286,1.3333,172,0.0588,0.69,,,,,,,172
120,牛仔短裤开叉,1.6667,228,1.2301,172,0,0.44,,,,,,,172
121,背带裤可拆卸女夏2017新款,1.6667,164,1.0455,129,0,0,,,,,,,129
122,女士时尚牛仔裤女2017新款 破洞,1.6667,164,1.0482,100,0,0,,,,90,,,100
123,破洞裤女 宽松 牛仔破洞 韩版黑色,1.6667,164,1.9853,119,0,0,,,,,,,119
124,破洞哈伦牛仔裤女九分小脚裤bf,1.6429,320,1.5029,205,0,0,,,,,,,205
125,牛仔裤 显瘦 百搭,1.625,205,0.1667,23,0,0,,,,,,,23
126,小热裤 女 夏,1.625,205,1.4921,100,0.1111,0,,,,,,,100
127,白色牛仔短裤女破洞毛边不规则,1.625,205,1.9632,172,0.1765,0,,,147,,,,172
128,牛仔裤女七分裤 2017春装新款,1.625,205,0.8051,138,0,0,,,,129,,,138
129,港风破洞裤女 宽松 学院风,1.625,205,0.7234,80,0,0,,,,,,,80
130,巴黎世家阔腿裤,1.6,243,0.2391,69,0,0,,,,,,,69
131,毛边短裤女夏2017新款 显瘦,1.6,243,2.1913,181,0,0,,,,,,,181
132,短裤女牛仔夏,1.5714,181,1.5926,138,0.0769,0.88,,,,,,,138
133,女牛仔裤 长裤 中腰,1.5714,181,1.4884,129,0.1667,1.02,,,,,,,129
134,家悦同款 快手裤子,1.5714,181,0.587,58,0,0,,,,,,,58
135,破洞牛仔裤女黑色高腰,1.5714,313,1.549,228,0.0417,0.53,,,,,,,228
136,依茸国际背带裤,1.5714,181,1.1957,138,0,0,,,,,,,138
137,短裤热裤女夏高腰,1.5714,181,1.191,110,0,0.51,,,,,,,110
138,女学生夏季牛仔裤宽松韩版哈伦,1.5714,181,1.1846,100,0,0,100,,,,,,100
139,秋季牛仔女裤,1.5714,181,1.0133,90,0,0,,,,,,,90
140,牛仔短裤女夏2017新款 韩版带花,1.5714,181,0.8,58,0,0.16,,,,,,,58
141,破洞牛仔短裤大码,1.5714,181,2.3942,147,0,0.58,,,,,,,147
142,女士夏天牛仔裤薄的 宽松 显瘦,1.5714,181,0.9792,110,0,0,,,,,,,110
143,女裤2017新款宽松牛仔 阔腿裤,1.5556,220,1.8293,155,0.1333,0,164,,164,,,,155
144,牛仔短裤女夏2017新款 韩版系带,1.5556,220,0.8,138,0,0.3,,,,,,,138
145,牛仔裤女春夏季2017新款七份裤,1.5556,220,0.8289,129,0,0,,,,,,,129
146,高腰牛仔短裤女夏2017新款 薄,1.5556,220,1.037,147,0,0,,,,,,,147
147,女牛仔五分裤夏2017新款,1.5556,220,0.9189,164,0,0.48,,,,,,,164
148,女款阔腿裤子2017春秋款牛仔裤,1.5556,220,0.8173,69,0,0,,,,,,,69
149,白色裤子女秋季2017新款 韩版,1.5556,220,0.9107,155,0,0,,,,,,,155
150,韩国代购牛仔阔腿裤,1.5556,220,1.5385,181,0.1111,0.06,,,,,,,181
151,高腰白色牛仔短裤女,1.5556,220,1.4038,147,0.0714,0.87,,,,,,,147
152,a2ha72327,1.5556,220,1.9412,138,0,0,,,,110,,,138
153,女韩版学院风牛仔裤,1.5556,220,2.2609,213,0,0.32,,,,,,,213
154,牛仔啦叭裤九分,1.5556,220,1.3021,147,0,0,,,,,,,147
155,slze女裤子正品,1.5455,258,0.4706,58,0,0,,,,,,,58
156,纯色破洞阔腿牛仔短裤女,1.5385,293,1.4179,272,0.0333,0,,,,,,,272
157,学生直筒裤女 学院风,1.5,197,1.3026,110,0,0.2,,,90,,,,110
158,七分裤女夏牛仔 学生,1.5,236,1,147,0.1429,0.52,,,,,,,147
159,牛仔裤女小学生,1.5,155,0.4359,80,0,0.84,,,,,,,80
160,小脚牛仔九分裤女,1.5,197,2.9041,147,0,0.91,,,,,,,147
161,短裤女夏2017新款 韩版 18-24周岁,1.5,197,1.3708,119,0.2727,0,,,,,,,119
162,牛仔短裤女夏2017新款韩版时尚,1.5,690,1.5448,652,0.1546,0,,,,,,,652
163,女裤子2017新款夏短,1.5,236,0.7162,100,0.3333,0.3,,,,,172,,100
164,白色短裤 毛边,1.5,155,1.2879,119,0,1.44,,,,,,,119
165,喇叭牛仔裤女 九分裤 高腰 阔腿,1.5,155,0.9268,80,0,0,,,,,,,80
166,夜店热裤 超短 性感,1.5,155,2.4167,129,0.0833,0,,,,,,,129
167,大码短裤女夏2017新款 胖mm,1.5,155,1.4,110,0.1,0.8,,,,,,,110
168,新款女超短裤夏季2017新款白色,1.5,155,1.7634,138,0.1538,0,,,,,,,138
169,杨幂同款裤子女2017破洞 宽松,1.5,155,0.25,47,0,0,,,,,,,47
170,牛仔裤不规则女,1.5,236,1.2979,147,0.0714,0.52,,,189,,,,147
171,胖妹妹高腰牛仔短裤,1.5,155,1.2645,129,0,0,,,,,,,129
172,牛仔裤深蓝女,1.5,197,0.7867,147,0,0.65,,,,,,,147
173,牛仔短裤 性感 百搭,1.5,155,0.625,47,0,0,,,,,,,47
174,夏季阔腿牛仔裤,1.5,272,1.1846,228,0.0833,0.56,,,,,,,228
175,蓝色阔腿牛仔裤,1.5,197,1.7955,100,0,0.36,,,,,,,100
176,短裤女紧身夏,1.5,197,1.4519,164,0.125,0.52,,,,,,,164
177,小k衣库,1.5,236,3.8265,197,0,0,,,,,,,197
178,风姿歌绣花牛仔裤女2017新款,1.5,197,0.8384,147,0,0,,,,,,,147
179,女牛仔裤夏季2017新款 韩版 百搭 九分裤,1.5,197,0.875,138,0,0,,,,,,,138
180,mini裤子女牛仔裤,1.5,197,3.5579,129,0,0,,,,,,,129
181,牛仔阔腿裤女冬季,1.5,155,1.6515,100,0,0,,,,,,,100
182,女生短裤牛仔2017新款女 韩版,1.5,155,2.0571,138,0,0,,,,,,,138
183,背带裤女夏2017新款 乐町,1.5,236,0.3529,100,0,0,,,,,,,100
184,牛仔ku女 九分裤 高腰,1.5,155,0.8125,80,0,0,,,,,,,80
185,高腰牛仔中裤女,1.5,197,1.64,138,0.0769,0.47,,,,,,,138
186,阔退牛仔裤女春夏季2017新款,1.5,197,1.5798,147,0.1429,0,,,,,,,147
187,女生紧身牛仔裤女韩版学生夏季,1.5,155,1.2588,129,0,0,,,,,,,129
188,无破洞牛仔裤女,1.5,155,0.1429,35,0,0,,,,,,,35
189,夏季女装牛仔短裤2017新款 韩版,1.5,155,1.0375,80,0,0,,,,,,,80
190,牛仔短裤女2牛仔短裤女破洞,1.4815,499,0.6019,365,0,0,,,,,,,365
191,cachecache牛仔短裤,1.4615,286,1.3125,213,0,0,,,,,,,213
192,初中生背带短裤女14-16岁夏,1.4444,213,0.8,147,0,0,,,,,,,147
193,gann135f81,1.4444,213,0.1714,47,0,0,,,,,,,47
194,宽松喇叭裤女2017新款 韩版,1.4444,213,1.1467,138,0,0,119,,,,,,138
195,牛仔裤女 潮流 宽松,1.4286,172,0.3871,69,0,0,129,,,,,,69
196,bf裤子 潮原宿风女 胖mm,1.4286,172,0.7733,147,0,0,,,,,,,147
197,高腰牛仔裤九分裤女显瘦 韩版,1.4286,300,1.6408,213,0,0,,,,,,,213
198,mormirr陌谜旗舰店,1.4286,172,1.0303,80,0,0,,,,,,,80
199,卡通牛仔短裤女,1.4286,172,1.4141,164,0.0625,0,,,,,,,164
200,短裤夏季女 韩版 宽松 学生高腰 修身显瘦,1.4286,172,0.5128,80,0.1429,0,,,,,,,80
201,十米菲短裤,1.4286,172,1.8144,129,0,0,,,,,,,129
202,大码牛仔直筒裤女,1.4286,172,2.1579,129,0.0833,0.88,,,,,,,129
203,包邮牛仔短裤女夏,1.4286,172,3.1176,181,0,0,,,,,,,181
204,牛仔连裤子连体女长裤,1.4286,172,1.016,100,0,0,,,,,,,100
205,超高腰牛仔裤女 九分裤,1.4286,172,1.6782,138,0,0,,,,,,,138
206,连体牛仔套装女 工装裤,1.4286,172,0.875,129,0,0,,,,147,,,129
207,牛仔裤女长款 高腰 紧身铅笔,1.4286,172,0.7381,100,0,0,,,,,,,100
208,大码8分裤女,1.4286,172,1.4595,129,0,0.47,,,,,,,129
209,背带裤夏女 牛仔,1.4286,172,0.7705,90,0,0.8,,,,,,,90
210,高腰牛仔短裤女夏紧身韩版学生,1.4286,172,1.1754,110,0,0,,,,,,,110
211,阔脚裤牛仔女宽松韩版原宿风,1.4286,172,1.1828,110,0,0,,,,,,,110
212,背带裤女百搭,1.4286,172,1.8171,58,0.6,0.81,,,,,,,58
213,牛仔短裤 显瘦 百搭,1.4286,172,1.1951,69,0.1667,0.43,,,,,,,69
214,破洞牛仔裤 黑色,1.4286,172,1.6667,129,0.0833,1.3,,,,,,,129
215,真维斯女牛仔裤,1.4286,172,0.913,119,0,0,110,,,,,,119
216,牛仔裤女夏 九分裤 18-24周岁,1.4286,172,1.3333,100,0,0,,,,,,,100
217,紧b裤女 超短,1.4202,1388,1.5837,870,0.0068,0.39,,,,,,,870
218,短裤女夏2017新款白色 韩版 宽松,1.4167,265,1.5877,172,0.0588,0.37,,,,,,,172
219,秋季女学生裤子2017新款 原宿风,1.4167,265,0.7299,181,0,0,,,,129,,,181
220,短裤女夏2017新款 百搭 热裤,1.4167,265,0.6706,119,0.0909,0,,,,,,,119
221,带钻牛仔裤女2017新款 钉珠,1.4,228,0.8587,129,0,0,,,,,,,129
222,欧货牛仔裤女2017新款 破洞,1.4,228,1.2168,147,0,0,,,,,,,147
223,女装破洞牛仔裤,1.4,228,0.9618,172,0,0.67,,,,,,,172
224,水洗牛仔裤女 宽松bf 韩版 直筒,1.4,228,0.8947,119,0,0,,,,,,,119
225,牛仔裤套装女2017新款欧洲站,1.375,189,0.881,58,0,0,,,,,,,58
226,裤子女夏超短裤,1.375,189,1,129,0,0,,,,,,,129
227,迪丽热巴牛仔裤,1.375,189,0.3953,69,0,0,,,,,,,69
228,牛子裤破洞女,1.375,189,0.8302,69,0,0.35,,,,,,,69
229,黑短裤女夏 韩版 宽松 学生黑色,1.375,189,1.0469,119,0,0,,,,,,,119
230,破洞牛仔裤女 九分裤 黑色,1.375,189,2.2048,129,0,1.18,,,,,,,129
231,女士牛仔裤秋天的新款,1.375,189,1.4783,119,0,0.9,,,,90,,,119
232,天丝牛仔背带裤女薄夏,1.375,189,0.7982,147,0,0,,,,,,,147
233,美国代购牛仔裤,1.375,189,1.625,100,0,0.81,,,,,,,100
234,女牛仔铅笔裤,1.375,189,1.6308,172,0.0588,1.07,,,,,,,172
235,黑色哈伦裤女学生韩版宽松牛仔,1.3636,243,1.1408,129,0,0,,,,,,,129
236,高腰紧身牛仔裤女九分,1.3571,293,1.7444,236,0.04,0.42,,,,,,,236
237,牛仔背带裤宽松女韩版学生可爱,1.3571,293,0.8407,181,0,0,,,,,,,181
238,短裤女夏 胖mm 韩版,1.3333,147,1.0392,90,0,0,,,110,,,,90
239,微喇叭七分裤女夏,1.3333,147,0.9697,80,0,0.47,,,,,,,80
240,宽松短裤牛仔女,1.3333,147,1.9691,129,0,0.8,,,,,90,,129
241,高腰a字牛仔短裤女夏 宽松 显瘦,1.3333,205,0.9851,138,0.1538,0,,,,,,,138
242,森马短裤女夏2017新款 牛仔,1.3333,205,0.6126,147,0,0,,,,,,,147
243,乞丐背带裤女 破洞 宽松,1.3333,147,0.4561,90,0,0.27,,,,,,,90
244,牛仔阔腿裤女学生韩版宽松 胖mm,1.3333,147,0.6923,69,0,0,,,,,,,69
245,有弹力的牛仔裤 女 高腰短裤,1.3333,147,0.9016,100,0.2222,0,,,155,,,,100
246,乞丐裤女 破洞 宽松2017 韩版胖mm,1.3333,147,1.15,58,0,0,,,,,,,58
247,牛仔裤女 韩版 学生,1.3333,205,1.2687,90,0,0.36,,,,,,,90
248,牛仔短裤粉色,1.3333,147,1.8333,119,0,0.36,,,,,,,119
249,加肥女裤加大码 弹力 9分牛仔裤,1.3333,147,0.7838,90,0.125,0,,,,,,,90
250,朴信惠同款裤子,1.3333,147,0.7273,80,0,0,,,,,,,80
251,牛仔扩腿裤女,1.3333,147,1.0889,80,0,0,,,,,,,80
252,小番茄短裤,1.3333,147,2.5,100,0,0,,,,,,,100
253,牛仔裤女夏2017新款 韩版 修身 百搭,1.3333,147,0.3913,35,0,0,,,,,,,35
254,浅蓝色毛边牛仔短裤女,1.3333,147,1.6204,100,0,0,,,,,,,100
255,韩版裤子女 学生,1.3333,147,2.1515,58,0,0.27,,,,,,,58
256,不规则毛边直筒牛仔裤女九分裤宽松阔腿,1.3333,352,0.7167,300,0,0,,,,,,,300
257,布衣天使女 学生,1.3333,147,3.2,80,0,0,,,,,,,80
258,短裤女夏 牛仔裤 高腰 前短后长,1.3333,258,1.4286,119,0,0,,,,,,,119
259,宽松牛仔裤夏女,1.3333,205,2.162,164,0.0625,0.52,,181,,,90,,164
260,渐变色牛仔裤女春夏季2017新款,1.3333,147,0.6122,90,0.125,0,,,,,,,90
261,牛仔高腰阔腿裤女学生韩版宽松,1.3333,147,0.3871,58,0,0.16,,,,,,,58
262,牛仔九分裤女高腰,1.3333,147,3.1857,119,0.1818,0.91,,,,119,,,119
263,春夏牛仔裤女高腰阔腿裤卷边直筒宽松韩国学生休闲bf风翻边九分裤,1.3333,147,0.5584,110,0,0,,,,,,,110
264,黑色牛仔裤女小脚铅笔裤,1.3333,147,1.566,90,0.125,0.73,,,,,,,90
265,深色牛仔阔腿裤女九分 复古,1.3333,147,0.9167,80,0.1429,0,,110,,,,,80
266,牛仔短裤 五分裤女 薄款 休闲,1.3333,147,0.3077,47,0,0,,,,,,,47
267,背带裤女夏2017新款 韩左韩右,1.3333,205,0.7358,69,0,0,,,,,,,69
268,短裤女夏2017新款潮 热裤,1.3333,147,1.7083,129,0.25,0,,,,110,,,129
269,松紧牛仔短裤女夏2017新款宽松,1.3333,147,0.7959,69,0,0,,,,,,,69
270,蓝裤坊2017新款女牛仔,1.3333,147,0.8571,47,0,0,,,,,,,47
271,破同牛仔裤 女 破洞,1.3333,147,0.9474,69,0,0,,,,,,,69
272,裤子女夏破洞 薄款,1.3333,147,0.5714,35,0,0.33,,,,,,,35
273,背带裤夏女 2017新款 韩版学生 九分裤,1.3333,205,0.6774,164,0,0,,,,,,,164
274,夏季破洞牛仔裤女紧身学生弹力,1.3333,147,0.5111,58,0,0,,,,,,,58
275,浅色牛仔破洞裤女,1.3333,205,1.036,129,0,0.55,,,,,,,129
276,牛仔裤女 哈伦,1.3333,147,1.7468,100,0,1.04,,,,,,,100
277,大码牛仔裤短裤女,1.3333,205,2.0118,172,0.1176,0.94,,,,,,,172
278,牛仔九分裤破洞女,1.3333,147,1.2381,100,0,0.76,155,,,,,,100
279,迪丽热巴同款破洞裤,1.3333,147,0.7885,110,0,0,,,,,,,110
280,牛仔裤女显腿长,1.3333,147,3.0789,69,0,0,,,,,,,69
281,黑色微喇叭牛仔裤,1.3333,147,1.7848,100,0.1111,1.05,,,,,,,100
282,2017裤子新款女 韩版百搭 破洞,1.3333,147,1.2174,100,0,0,,,,,,,100
283,复古牛子裤女,1.3333,147,0.9672,90,0.125,0,,,,,,,90
284,牛仔短裤女大码胖mm 宽松高腰,1.3333,147,1.686,90,0.125,0.36,,,,,110,,90
285,牛仔裤女宽松韩版学生,1.3333,147,0.378,110,0,0.41,,,,,,,110
286,高腰短裤女夏a字裤牛仔,1.3333,396,2.624,258,0.1071,0.43,,,,,,,258
287,美人鱼裤子女款 微喇,1.3333,147,0.6667,58,0,0,,,,,,,58
288,浅牛仔短裤女,1.3333,147,1.803,100,0.1111,0,,,,,,,100
289,裤子女宽松牛仔裤,1.3333,147,0.6452,69,0,0.7,,,,,,,69
290,9分直筒牛仔裤女,1.3333,147,2.1739,119,0.0909,1.15,,,,,,,119
291,背带裤女宽松 长裤,1.3333,147,0.9474,110,0,0.41,,,,,,,110
292,e裤吧,1.3333,147,6.5714,129,0,0,,,,,,,129
293,漏屁股短裤,1.32,449,1.1689,279,0,0,,,,,,,279
294,弹力破洞牛仔裤女 九分裤,1.3077,272,1.3947,228,0.0417,0.77,,,,,,,228
295,喇叭裤女牛仔2017新款 韩版高腰,1.3077,272,1.6804,147,0,0.31,,,,,,,147
296,女士夏季破洞牛仔裤九分 休闲,1.3,220,1.0222,119,0,0,,,,,100,,119
297,学生牛仔短裤 高腰,1.3,220,1.45,147,0.1429,1.02,,,,,,,147
298,牛仔裤 修身小脚 女士 紧身铅笔,1.3,220,0.6711,147,0.0714,0,,,,,,,147
299,牛仔阔腿裤女开衩,1.3,220,1.2885,147,0,0,147,,,,,,147
300,左一牛仔裤,1.3,220,1.4722,189,0,0,,,,,,,189
301,1jh2064270,1.3,220,0.9247,164,0.125,0,,,,,,,164
302,牛仔裤女夏2017新款 韩版薄款,1.3,220,2.0952,90,0.25,0.94,,,,,,,90
303,宽松牛仔裤女学生 高腰,1.3,220,0.7843,100,0.1111,0.54,,,,,,,100
304,宽松牛仔裤女 休闲,1.3,220,1.6531,110,0,0.82,,,,,,,110
305,女破洞裤子新款2017潮 百搭宽松,1.3,220,1.33,147,0,0,,,,,,,147
306,牛仔短裤蕾丝边,1.3,220,0.6322,147,0,0.22,,,,,,,147
307,女 牛仔裤浅色,1.2941,333,1.1042,286,0.0312,0.81,,,,,,,286
308,cachecache阔腿裤牛仔,1.2857,164,0.5652,100,0,0,,,,,,,100
309,条纹牛仔背带裤,1.2857,164,2.4268,110,0.1,0.05,,,,,,,110
310,牛仔7分裤女夏2017新款 韩版宽松,1.2857,164,0.7875,119,0.0909,0.14,,,,,,,119
311,女生秋季长裤潮新款百搭,1.2857,164,0.8718,90,0,0,,,,,,,90
312,牛仔裤宽松显瘦女,1.2857,164,2.3077,119,0,0.6,,,,,,,119
313,短裤女chic,1.2857,286,2.7784,213,0,0.55,,,,,,,213
314,短裤女夏2017新款气质高腰韩版宽松显瘦学生白色破洞热裤,1.2857,164,1.2222,155,0.8,0,,,,,,,155
315,牛仔裤黑色宽松女,1.2857,164,1.8158,129,0.0833,0.66,,,,,,,129
316,九分裤牛仔女夏,1.2857,164,2.1,119,0,0.93,,,,,,,119
317,牛仔裤女直筒裤长裤,1.2857,286,1.2316,155,0,0.67,,,,,,,155
318,弹力牛仔阔腿裤,1.2857,164,1.3239,100,0.1111,0.59,,,,,,,100
319,七分裤女夏2017新款 牛仔 破洞,1.2857,164,1.0808,138,0.1538,0.54,,,,,,,138
320,韩版九分牛仔女裤,1.2857,164,2.375,181,0,0,,,,,,,181
321,提臀牛仔裤女2016提臀 性感,1.2857,164,0.86,90,0,0,,,,,,,90
322,牛仔长裤显瘦,1.2857,164,1.1455,90,0,0.58,,,,,,,90
323,高腰牛仔裤女 长裤 收腹 破洞,1.2857,164,0.3784,69,0,0,,,,,,,69
324,牛仔阔腿裤秋冬,1.2857,164,0.94,100,0,0.28,,,,,,,100
325,艾莲奴旗舰店,1.2857,164,2.7273,129,0.1667,2,,,,,,,129
326,破洞裤子女 高腰,1.2857,164,0.6102,100,0,0.35,,,,,,,100
327,时尚牛仔背带裤,1.2857,164,1.1273,119,0,0.53,,,,,,,119
328,a2hb72901,1.2857,164,0.4146,80,0,0,,,,,,,80
329,五分牛子裤女,1.2857,164,0.7778,69,0,0,,,,,,,69
330,七分裤女夏牛仔宽松,1.2857,164,0.6923,110,0.2,0.76,,,,,,,110
331,喇叭裤流苏女夏2017新款 韩版,1.2727,236,1.5,205,0,1.34,,,,,,,205
332,乞丐裤女 破洞 宽松 潮人,1.2727,236,0.2,80,0,0,,,,,,,80
333,高腰牛仔短裤女夏薄款弹力修身,1.2727,236,1.3269,129,0.0833,0,,,,,,,129
334,明星同款破洞裤女,1.2727,236,1.7179,147,0.0714,0,,,,,,,147
335,牛仔短裤女夏2017新款高腰韩版宽松显瘦学生白色破洞热裤,1.2727,236,0.7628,155,0.3333,0,,,,,,,155
336,女士九分裤春季新款 显瘦2017,1.25,313,0.9111,181,0.0556,0,,,,,,,181
337,背带短裤女夏2017新款 韩版破洞,1.25,250,0.7869,129,0,0,,,,,,,129
338,牛仔 阔腿裤 女 宽松 薄款,1.25,181,2.3664,110,0,0,,,,,,,110
339,欧货牛仔裤女2017新款 破洞 宽松,1.25,250,1.1667,147,0.0714,0,,,,,,,147
340,紧身背带裤女 显瘦 韩版 学生,1.25,313,0.8438,189,0.0526,0,,,,,,,189
341,2017新款韩版女式九分微喇叭阔腿显瘦牛仔裤女士黑色弹力流苏裤子,1.25,181,2.5833,138,0,0,,,,,,,138
342,美特斯邦威女牛仔裤,1.25,250,1.6221,205,0.0476,0.29,,,,,,,205
343,牛仔短裤女夏2017新款时尚 薄款,1.25,181,1.8571,90,0.25,0,,,,,,,90
344,tttj72654a,1.25,181,0.4681,80,0,0,,,,,,,80
345,韩都衣舍旗舰店牛仔裤,1.25,181,1.3667,129,0,0.3,,,,,,,129
346,易烊千玺同款裤子膝盖破洞女男,1.25,181,0.4,110,0,0,,,,,,,110
347,牛仔背带裤女夏宽松韩版学生,1.25,181,0.9273,69,0,0,,,,,,,69
348,代购2017新款磨破洞阔腿高腰牛仔短裤女,1.25,371,1.7087,339,0.1,0,,,181,,,,339
349,代购宽松牛仔裤哈伦裤直筒裤,1.25,371,0.9292,300,0.1471,0,,,,,,,300
350,短款牛仔裤女,1.25,181,1.2,164,0.0625,0.75,,,,,,,164
351,牛仔短裤女夏2017新款 韩版批发,1.25,181,1.1468,147,0.0714,0,,,,,,,147
352,ulzzang裤子女破洞,1.25,181,0.7895,100,0,0.29,,,,,,,100
353,牛仔裤女 长裤 小脚裤 铅笔,1.25,181,1.058,147,0,0.62,119,,,,,,147
354,牛仔浅色阔腿裤,1.25,181,0.9455,129,0,0.71,,,,,,,129
355,女士牛仔短裤女夏 高腰 宽松7分,1.25,181,0.4324,80,0,0,,,,,,,80
356,牛子裤女秋,1.25,250,0.859,155,0,0,,,119,,,,155
357,牛仔 五分裤 女,1.25,181,2.1279,147,0.0714,1.01,,,,,,,147
358,牛仔裤不破洞,1.25,181,0.587,80,0,0,,,,,,,80
359,绣花背带牛仔裤,1.25,181,1.5078,138,0.1538,0.2,,,,,,,138
360,高腰牛仔裤小脚,1.25,250,1.5,189,0,0.54,,,,,,,189
361,牛仔裤女 宽松 休闲,1.25,181,0.4118,58,0,0.82,,,,,,,58
362,棒球小子牛仔裤女,1.25,181,1.8769,138,0,0,,,,,,,138
363,黑色中腰破洞牛仔短裤女,1.25,371,1.1897,300,0,0,,,,,,,300
364,牛仔裤微喇叭2017新款女 九分裤,1.25,181,1.5488,119,0.0909,0,,,,,,,119
365,大码牛仔背带裤女宽松胖mm哈伦,1.25,250,1.1127,189,0,0,,,,,,,189
366,九分牛仔裤女 中腰,1.25,181,0.7231,100,0.1111,1.07,,,,,,,100
367,烂牛仔裤女破洞潮显瘦高腰哈伦裤,1.25,181,1.4576,181,0.9444,0,,,,,,,181
368,jucy judy 牛仔裤,1.25,181,1.2405,119,0.1818,0,,,,,,,119
369,黑色弹力牛仔裤,1.2381,383,0.7477,236,0,0.82,,,,,,,236
370,秋裤牛仔裤女 2017新款 百搭,1.2308,265,0.3875,90,0,0,,,,,147,,90
371,减龄背带裤夏女 2017新款 韩版,1.2273,396,2.5638,272,0,0.53,,,,,,,272
372,毛边黑色牛仔短裤,1.2222,197,1.3802,147,0.0714,0.55,,,,,,,147
373,黑色 牛仔短裤,1.2222,197,3.2048,164,0.25,0.91,,,,,,,164
374,牛仔九分裤女夏宽松,1.2222,197,1.9667,164,0,0.64,80,,,,,,164
375,牛仔短裤 2尺6,1.2222,197,3.6,220,0,0,,,,,,,220
376,深蓝色小脚牛仔裤女,1.2222,197,1.6237,147,0,0.69,,,,,,,147
377,高腰短裤前短后长,1.2222,197,2.6127,189,0.0526,0,,,,,,,189
378,ulzzang裤女 高腰,1.2222,197,0.9024,69,0,0,,58,,,47,,69
379,牛仔裤女超薄,1.2222,197,1.6374,110,0,1.17,,,,,100,,110
380,背带短裤 宽松版,1.2222,197,0.6596,129,0,0.23,,,,110,,,129
381,牛仔阔腿裤女夏九分 薄款,1.2222,197,1.9274,138,0,0,,,213,,,,138
382,裤子女bf风 ulzzang,1.2143,279,1.5071,236,0.08,0,,,,,,,236
383,白色女短裤新款2017韩版百搭,1.2,213,1.1607,172,0.0588,0,,,,,,,172
384,黑色短裤女2017新款 毛边很时髦,1.2,213,0.8372,100,0.1111,0,,,,,,,100
385,膝盖短裤女夏2017新款 韩版,1.2,213,0.7105,100,0,0,,,,,,,100
386,高腰牛仔裤女秋2017新款 韩版,1.2,213,1.2262,119,0.0909,0,,,,,,,119
387,粉红豹牛仔背带裤,1.2,213,1.119,197,0,0,,,,,,,197
388,关晓彤同款牛仔裤,1.2,213,1.1618,155,0.0667,0,,,,,,,155
389,牛仔短裤女夏松紧,1.2,213,1.0533,138,0,0.72,,,,,,,138
390,短裤女夏2017新款 显瘦 18-24周岁,1.2,213,0.5156,147,0,0,,,,100,,,147
391,2017新款超短裤女夏 韩版 百搭潮,1.2,213,1.339,119,0,0,,,,,,,119
392,ulzzang喇叭裤 七分裤/九分裤,1.2,213,0.7297,69,0,0,,,,,,,69
393,韩版超短裤女夏 百搭 高腰,1.2,213,1.5,138,0,0,,,,,,,138
394,韩国牛仔裤女ulzzang宽松 直筒,1.1875,306,1.4924,138,0,0.08,,,,,,,138
395,纯儿牛仔裤女 2017新款,1.1818,228,0.72,90,0,0,,,,147,,,90
396,品牌牛仔短裤女,1.1818,228,0.9683,155,0.0667,1.68,,,,,,,155
397,秋装女裤子2017学生 韩版新款,1.1818,228,1.6036,155,0.0667,0,,,,,,,155
398,夏季小脚铅笔长裤,1.1818,228,2.3548,220,0,0,,,,,,,220
399,牛仔裤宽松女韩版学生 bf 百搭 个性,1.1818,228,0.2667,47,0,0,,,,,,,47
400,牛仔短裤原宿,1.1818,228,1.4756,181,0.0556,0.3,,,,,,,181
401,牛仔裤女韩版学生,1.1818,389,1.6195,272,0.0667,0.36,,,,,,,272
402,翻边牛仔背带短裤,1.1818,228,1.44,189,0.0526,0,,,,,,,189
403,排扣牛仔短裤女夏2017新款显瘦,1.1818,228,1.0476,129,0.0833,0,,,189,,,,129
404,破腿裤女2017新款 破洞,1.1765,320,1.1349,147,0,0,,,,,,,147
405,牛仔裤女春夏季2017新款 潮小脚,1.1739,402,1.1285,265,0.0345,0.29,,,,,,,265
406,牛仔裤女夏中腰,1.1667,138,1.3294,100,0.2222,0,,,,,,,100
407,背带牛仔裤女 九分裤 宽松 阔腿,1.1667,138,2.3125,58,0,0,,,,,,,58
408,牛仔背带裤女大码,1.1667,138,1.1905,100,0.1111,0.57,,,,,,,100
409,拼接牛仔短裤女夏2017新款 撞色,1.1667,138,0.7941,100,0,0,,,,,,,100
410,牛仔裤女春秋季2017新款 九分裤,1.1667,138,0.9067,100,0,0,,,,,,,100
411,破洞牛仔裤黑色女 九分裤,1.1667,138,3.0597,110,0,1.18,110,,,,,,110
412,牛仔七分裤女夏2017新款 弹力,1.1667,138,1.5128,69,0,0,,,,,,,69
413,关晓彤同款裤子女牛仔 破洞,1.1667,138,0.7805,119,0,0,,,,,,,119
414,背带装饰 女可拆卸,1.1667,138,0.4583,58,0,0,,,,,,,58
415,纯棉牛仔裤女夏,1.1667,138,0.7451,58,0,0.67,,,,,,,58
416,女装高腰牛仔裤,1.1667,138,0.8824,90,0,0.78,,,,,,,90
417,短裤个性女夏2017新款,1.1667,138,1.661,69,0,0,,,,,,,69
418,女中学生背带裤2017新款 韩版,1.1667,138,1.0435,110,0,0,,,,,,,110
419,背带裤女秋款2017新款,1.1667,138,1.549,100,0,0,,,,,,,100
420,大码破洞牛仔裤女胖mm2017新款 bf,1.1667,138,1.8333,80,0.1429,0,,,,,,,80
421,高腰牛仔裤女 破洞,1.1667,138,1.7727,119,0,0.63,,,,,,,119
422,牛仔裤女 宽松 九分,1.1667,138,0.9643,80,0,0.94,,,,,,,80
423,林小崽66,1.1667,138,3.6279,138,0,0,,,,,,,138
424,puella牛仔短裤,1.1667,138,0.875,58,0,0,,,,,,,58
425,女短裤 牛仔裤 高腰,1.1667,138,1.8667,100,0.1111,0.55,,,,,,,100
426,高腰大喇叭牛仔裤女,1.1667,138,1.5221,100,0,1.57,,,,,,,100
427,牛仔裤女破洞 韩版 宽松学生 bf,1.1667,138,0.6667,58,0,0.41,,,,,,,58
428,欧洲站女装2017新款欧货潮牌,1.1667,138,0.6571,58,0,0,,,,,,,58
429,杨幂 牛仔短裤,1.1667,138,1.3968,100,0.1111,0,,,,,,,100
430,2017春季新款背带牛仔裤女黑色,1.1667,243,1.4966,189,0.0526,0,,,,,,,189
431,毛边牛仔短裤女夏宽松韩版高腰,1.1667,138,0.7674,58,0.2,0.49,138,,,,,,58
432,gann115c51,1.1667,138,0.3,10,0,0,,,,,,,10
433,牛仔裤宽松大码女,1.1667,138,2.3375,119,0,0.98,,,,,,,119
434,软妹阔腿裤女学生韩版宽松 bf,1.1667,138,1.2286,69,0,0,,,,,,,69
435,2017夏季新款韩版复古毛边牛仔裤女装高腰九分裤宽松显瘦阔腿裤潮,1.1667,138,1.0811,119,0.0909,0,,,,,,,119
436,背带裤女生韩版潮2017 显瘦学生,1.1667,138,1.1867,90,0.125,0,,,,,,,90
437,短裤女夏流苏,1.1667,138,1.3429,90,0,0.27,,,,,,,90
438,东门女装衣柜,1.1667,138,4.18,119,0.2727,0,,,,,,,119
439,黑色破洞牛仔裤女 九分,1.1667,138,2.8909,80,0,0.66,,,,,,,80
440,长裤秋季女韩版宽松 显瘦,1.1667,138,0.7059,69,0,0,,,,,,,69
441,ulzzang女牛仔裤,1.1667,138,1.9524,110,0,0.23,,,,,,,110
442,夏季学生女,1.1667,138,0.7,47,0,0.38,,,,,,,47
443,九分浅色牛仔裤女,1.1667,243,1.0317,197,0.05,0.66,,,,,,,197
444,黑色牛仔短裤破洞,1.1667,138,1.9655,90,0.125,1.25,,110,,,,,90
445,牛仔短裤女夏2017新款 韩版软妹,1.1667,138,0.4722,69,0,0,,,,,,,69
446,浅蓝色小脚裤女,1.1667,138,1.2564,119,0.0909,0,,,,,,,119
447,牛仔裤 哈伦 女,1.1667,138,1.6324,119,0,1.04,,,,,,,119
448,蕾丝牛仔裤女 2017春季新款破洞,1.1667,138,0.9574,47,0,0,,,,,,,47
449,牛仔长裤 破洞 女,1.1667,138,1.0735,100,0.1111,0.83,,,,,,,100
450,灰牛仔短裤,1.1667,138,1.9143,80,0.1429,0.31,,,,,,,80
451,阔腿裤女学生韩版宽松 百搭秋,1.1667,138,0.8214,100,0,0,,,,,,,100
452,牛仔裤短女学生韩版宽松 百搭,1.1667,138,0.4516,58,0,0,,,,,,,58
453,休闲套装短裤女夏 宽松,1.1667,138,0.4754,90,0,0.47,,,,,,,90
454,破洞牛仔裤女 九分裤 修身显瘦,1.1667,138,1.3167,100,0,0.82,,,,,,,100
455,裤子2017新款女 韩版 百搭宽松 牛仔 气质淑女,1.1667,138,0.15,23,0,0,,,,,,,23
456,only官方旗舰店短裤,1.1667,138,1.2449,90,0,0,,,,,,,90
457,遇尚女装,1.1667,138,0.6,58,0,0,,,,,,,58
458,女牛仔裤 长裤 九分裤 宽松,1.1667,138,0.7619,47,0,0.35,,110,,,,,47
459,浅蓝色长裤女,1.1667,138,1.5424,58,0.2,0,,,,,,,58
460,牛仔短裤女学生韩版宽松 百搭,1.1667,138,0.973,90,0,0,,,,,,,90
461,女士裤子牛仔新款2017 百搭 显瘦,1.1667,138,2.7778,69,0,0,,,,,,,69
462,牛仔短裤女松紧腰 高腰,1.1667,138,1.4528,100,0,0.89,,,,,,,100
463,牛仔裤长女夏2017新款 韩版宽松,1.1667,138,0.5185,58,0,0,,,,,,,58
464,裤子女夏牛仔 九分裤 百搭,1.1667,138,2.3571,69,0.1667,0.73,,,,,,,69
465,牛仔裤女 九分裤 卷边,1.1667,138,0.75,90,0,0.62,,,,,,,90
466,中牛仔裤女夏 五分,1.1667,138,1.7831,69,0.1667,0,,,,,,,69
467,牛仔裤女夏 九分裤宽松 学生,1.1667,138,0.8,100,0,0.42,,,,,,,100
468,女孩 牛仔裤 小学生,1.1667,138,0.56,35,0,0,,,,,,,35
469,牛仔连体裤女长袖 春秋,1.1667,138,2.42,119,0.0909,0,,,,,,,119
470,短裤白色女夏2017新款 高腰个性,1.1667,138,0.5714,80,0.1429,0,,,,,,,80
471,牛仔裤女港味,1.1667,138,1.0833,119,0,0.21,,,,,,,119
472,短裤女夏 牛仔裤 中腰 薄款,1.1667,138,0.8049,90,0,0,47,,,,,,90
473,中腰牛仔短裤女夏2017新款,1.1667,138,0.8462,80,0.1429,0,,,,,,,80
474,阔腿裤流苏边 九分裤,1.1667,243,0.5435,69,0,0,,,,,,,69
475,牛仔阔腿裤女夏2017新款 韩版 毛边,1.1667,138,0.6571,90,0,0,,,,,,,90
476,弹力高腰牛仔短裤,1.1667,138,1.6607,100,0.1111,0.94,,,,,,,100
477,高腰阔腿裤女牛仔七分,1.1667,138,1.0538,110,0.1,0.73,,,,,,,110
478,牛仔a字阔腿裤九分 高腰,1.1667,138,0.5263,35,0,0,,,,,,,35
479,大码毛边牛仔裤,1.1667,138,1.0806,100,0,0.63,,,,,,,100
480,白色短裤高腰女夏2017新款 显瘦,1.1538,258,2.0085,172,0.1176,0.7,,,,,,,172
481,原宿风高腰牛仔裤女九分裤夏bf,1.1538,258,0.5385,155,0,0,,,,,,,155
482,chic破洞裤 不规则,1.1538,258,1.3448,110,0.1,0,,,,,90,,110
483,喇叭女阔腿裤侧条纹牛仔裤,1.1493,862,1.9637,862,0.0417,0,,,,,,,862
484,短裤女夏2017新款热裤,1.1429,155,1.9342,110,0.2,0.45,,,,,,,110
485,牛仔九分裤女 显瘦,1.1429,155,1.4444,90,0,0.67,,,,,,,90
486,背带 短裤 女,1.1429,272,1.6376,197,0,0.61,,,,,,,197
487,女学生韩版牛仔裤,1.1429,155,0.8043,90,0,0.36,,,,,,,90
488,2017新款贴布 直筒磨破贴新工艺牛仔裤,1.1429,371,2.5778,352,0,0,,,,,,172,352
489,lagogo牛仔短裤,1.1429,155,0.5,80,0.1429,0,,,,,,,80
490,超短裤黑色女夏 显瘦 韩版 修身,1.1429,155,0.6296,90,0,0,,,,,,,90
491,牛仔短裤女四分裤,1.1429,155,2.0769,110,0.1,0.41,,,,,,,110
492,弹力裤子女修身学生铅笔裤黑色,1.1429,155,1.8194,110,0.1,0,,,,,,,110
493,超短裤 女 高腰 宽松 韩版 卷边,1.1429,155,0.9574,110,0.1,0,,,,110,,,110
494,阔腿牛仔破洞,1.1429,155,1.0484,110,0.1,0.17,,,,,,,110
495,牛仔裤女 学生 韩版 学院风紧身,1.1429,155,0.9787,69,0,0,,,,,,,69
496,only官方旗舰店 牛仔短裤,1.1429,155,0.9286,110,0,0,,,,,,,110
497,九分牛仔阔腿裤女薄夏宽松bf原宿ulzzang直筒长裤子2017新款韩版,1.1429,155,0.6279,110,0.1,0,,,,,,,110
498,大码宽松短裤女胖mm2017新款200斤,1.1429,155,1.0706,100,0.2222,0,,,,,147,,100
499,牛仔裤女春夏季2017新款裤子韩版百搭高腰热裤毛边黑色牛仔短裤夏,1.1429,155,0.8434,100,0.6667,0,,,,,,,100
500,四排扣牛仔短裤女高腰 显瘦,1.1429,155,1,129,0.1667,0,,,,,,,129